2/5/69,,,,,,,,,,,,,,,,,
,ที่มา,รายการปลา, จำนวนปลา , ปลาเข้าใหม่ , ยอดรวม , ยอดขายไป , สินค้าคงเหลือ , ราคาต้นทุน ,ล๊อต, มูลค่าสินค้าคงเหลือ ,,,มูลค้าสินค้า ขายออก,,มูลค้าสินค้ารับเข้าสต๊อค,,
,,, -  ,, -  ,, -  ,,,,,,,,,,
,,,,,,,,,,,,,,,,,
22/9/68,R3,โอดำ 5/7ขีด, 260.0 ,, 260.0 ,, 260.0 , 570.0 ,หนู/2," 148,200.00 ",,, -  ,, -  ,,
19/4/69,R2,โอดำ 5/7ขีด, 400.0 ,, 400.0 ,, 400.0 , 550.0 ,หนู/1," 220,000.00 ",,, -  ,, -  ,,
24/4/69,R3,โอดำ 5/7ขีด, 200.0 ,, 200.0 ,, 200.0 , 550.0 ,หนู/3," 110,000.00 ",,, -  ,, -  ,,
1/9/68,R2+3,โอดำ 7-8ขีด, 183.0 ,, 183.0 ,, 183.0 , 520.0 ,มล/1," 95,160.00 ",,, -  ,, -  ,,
9/12/68,R2,โอดำ M8 UP, 174.0 ,, 174.0 ,, 174.0 , 530.0 ,ซี/1," 92,220.00 ",,, -  ,, -  ,,
5/12/68,R2,โอดำ M3/2, 17.0 ,, 17.0 ,, 17.0 , 500.0 ,ซี/2," 8,500.00 ",,, -  ,, -  ,,
9/12/68,R2,โอดำ M3/2, 267.0 ,, 267.0 ,, 267.0 , 500.0 ,ซี/3," 133,500.00 ",,, -  ,, -  ,,
25/9/68,R2,โอดำ 3/2, 92.0 ,, 92.0 ,, 92.0 , 520.0 ,มล/1," 47,840.00 ",,, -  ,, -  ,,
22/4/69,R2,โอดำ 2/3M, 14.0 ,, 14.0 ,, 14.0 , 520.0 ,ซี/1," 7,280.00 ",,, -  ,, -  ,,
27/4/69,R2,โอดำ C2, 66.0 ,, 66.0 ,, 66.0 , 380.0 ,ซี/1," 25,080.00 ",,, -  ,, -  ,,
27/4/69,R2,โอดำ C3, 39.0 ,, 39.0 ,, 39.0 , 380.0 ,ซี/1," 14,820.00 ",,, -  ,, -  ,,
25/3/69,R2,โอดำ 6-7, 187.0 ,, 187.0 ,, 187.0 , 430.0 ,สยามชัย/1," 80,410.00 ",,, -  ,, -  ,,
25/3/69,R2,โอดำ 8-9, 31.0 ,, 31.0 ,, 31.0 , 380.0 ,สยามชัย/2," 11,780.00 ",,, -  ,, -  ,,
23/3/69,R2,โอดำ 8-9, 72.0 ,, 72.0 ,, 72.0 , 380.0 ,สยามชัย/1," 27,360.00 ",,, -  ,, -  ,,
21/8/68,รั้วR3,โอลาย จัมโบ้, 10.0 ,, 10.0 ,, 10.0 , 480.0 ,ซี/2," 4,800.00 ",,, -  ,, -  ,,
25/8/68,R2,โอลาย ใหญ่, 5.0 ,, 5.0 ,, 5.0 , 520.0 ,หนู/1," 2,600.00 ",,, -  ,, -  ,,
26/8/68,R2,โอลาย ใหญ่, 205.0 ,, 205.0 ,, 205.0 , 520.0 ,หนู/2," 106,600.00 ",,, -  ,, -  ,,
29/8/68,R2,โอลายM7 UP, 107.0 ,, 107.0 ,, 107.0 , 480.0 ,ซี/1," 51,360.00 ",,, -  ,, -  ,,
19/3/69,R2,โอลาย5-7ขีด, 69.0 ,, 69.0 ,, 69.0 , 550.0 ,หนู/1," 37,950.00 ",,, -  ,, -  ,,
22/3/69,R3,โอลาย5-7ขีด, 357.0 ,, 357.0 ,, 357.0 , 520.0 ,หนู/3," 185,640.00 ",,, -  ,, -  ,,
24/4/69,R3,โอลาย5-7ขีด, 200.0 ,, 200.0 ,, 200.0 , 520.0 ,หนู/2," 104,000.00 ",,, -  ,, -  ,,
26/8/68,R3,โอลาย8-9ขีด, 12.0 ,, 12.0 ,, 12.0 , 520.0 ,หนู/1," 6,240.00 ",,, -  ,, -  ,,
18/9/68,R3,โอลาย8-9ขีด, 300.0 ,, 300.0 ,, 300.0 , 520.0 ,หนู/2," 156,000.00 ",,, -  ,, -  ,,
23/3/69,R3,โอลาย2/1M, 184.0 ,, 184.0 ,, 184.0 , 520.0 ,ซี/1," 95,680.00 ",,, -  ,, -  ,,
27/4/69,R3,โอลาย2/1M, 226.0 ,, 226.0 ,, 226.0 , 520.0 ,ซี/2," 117,520.00 ",,, -  ,, -  ,,
1/4/69,R3,โอลาย2/3A, 195.0 ,, 195.0 ,, 195.0 , 530.0 ,หนู/1," 103,350.00 ",,, -  ,, -  ,,
27/4/69,R3,โอลาย2/3M, 200.0 ,, 200.0 ,, 200.0 , 520.0 ,ซี/1," 104,000.00 ",,, -  ,, -  ,,
29/4/69,R2,โอลาย2/3M, 297.0 ,, 297.0 ,, 297.0 , 520.0 ,," 154,440.00 ",,, -  ,, -  ,,
23/3/69,R2,โอลาย3/1M, 3.0 ,, 3.0 ,, 3.0 , 460.0 ,ซี/1," 1,380.00 ",,, -  ,, -  ,,
29/3/69,R3,โอลาย3, 175.0 ,, 175.0 ,, 175.0 , 450.0 ,สยามชัย/1," 78,750.00 ",,, -  ,, -  ,,
3/4/69,R3,โอลาย3, 568.0 ,, 568.0 ,, 568.0 , 450.0 ,สยามชัย/2," 255,600.00 ",,, -  ,, -  ,,
3/4/69,กล่องIF1 R2,โอลาย3, 92.0 ,, 92.0 ,, 92.0 , 450.0 ,สยามชัย/3," 41,400.00 ",,, -  ,, -  ,,
4/4/69,R2,โอลาย3, 85.0 ,, 85.0 ,, 85.0 , 450.0 ,สยามชัย/4," 38,250.00 ",,, -  ,, -  ,,
29/3/69,R3,โอลาย 3-4, 298.0 ,, 298.0 ,, 298.0 , 450.0 ,สยามชัย/3," 134,100.00 ",,, -  ,, -  ,,
27/4/69,R2,โอลาย4/1M, 32.0 ,, 32.0 ,, 32.0 , 460.0 ,ซี/1," 14,720.00 ",,, -  ,, -  ,,
27/4/69,รั้วR3,โอลาย4/1, 6.0 ,, 6.0 ,, 6.0 , 460.0 ,ซี/2," 2,760.00 ",,, -  ,, -  ,,
27/4/69,R2,โอลาย4/5M, 12.0 ,, 12.0 ,, 12.0 , 450.0 ,ซี/1," 5,400.00 ",,, -  ,, -  ,,
19/3/69,R2,โอลาย 6AA, 15.0 ,, 15.0 ,, 15.0 , 450.0 ,หนู/1," 6,750.00 ",,, -  ,, -  ,,
19/3/69,R2,โอลาย 6/7, 74.0 ,, 74.0 ,, 74.0 , 420.0 ,หนู/1," 31,080.00 ",,, -  ,, -  ,,
27/4/69,R2,โอลาย8/1M, 67.0 ,, 67.0 ,, 67.0 , 400.0 ,ซี/1," 26,800.00 ",,, -  ,, -  ,,
21/3/69,R3,โอหลอด 3, 320.0 ,, 320.0 ,, 320.0 , 450.0 ,สยามชัย/1," 144,000.00 ",,, -  ,, -  ,,
25/3/69,R3,โอหลอด 3, 5.0 ,, 5.0 ,, 5.0 , 450.0 ,สยามชัย/2," 2,250.00 ",,, -  ,, -  ,,
4/4/69,R3,โอหลอด 3, 48.0 ,, 48.0 ,, 48.0 , 450.0 ,สยามชัย/3," 21,600.00 ",,, -  ,, -  ,,
4/4/69,R3,โอหลอด 3, 37.0 ,, 37.0 ,, 37.0 , 450.0 ,สยามชัย/4," 16,650.00 ",,, -  ,, -  ,,
7/4/69,R2,โอหลอด 3, 119.0 ,, 119.0 ,, 119.0 , 450.0 ,สยามชัย/5," 53,550.00 ",,, -  ,, -  ,,
7/4/69,R3,โอหลอด 3-4," 1,111.0 ",," 1,111.0 ",," 1,111.0 ", 450.0 ,สยามชัย/1," 499,950.00 ",,, -  ,, -  ,,
29/3/69,R3,โอหลอด 4-5, 268.0 ,, 268.0 ,, 268.0 , 450.0 ,สยามชัย/3," 120,600.00 ",,, -  ,, -  ,,
4/4/69,R2,โอหลอด 4-5, 89.0 ,, 89.0 ,, 89.0 , 450.0 ,สยามชัย/1," 40,050.00 ",,, -  ,, -  ,,
12/2/69,R2,โอหลอด5-6, 8.0 ,, 8.0 ,, 8.0 , 480.0 ,หนู/1," 3,840.00 ",,, -  ,, -  ,,
4/4/69,R2,โอหลอด5-6, 15.0 ,, 15.0 ,, 15.0 , 430.0 ,สยามชัย/1," 6,450.00 ",,, -  ,, -  ,,
29/4/69,R2,โอหลอด5-6M, 104.0 ,, 104.0 ,, 104.0 , 420.0 ,," 43,680.00 ",,, -  ,, -  ,,
22/4/69,R2+3,โอหลอด5/1, 282.0 ,, 282.0 ,, 282.0 , 450.0 ,ซี/1," 126,900.00 ",,, -  ,, -  ,,
26/2/69,R3,โอหลอด6/1M, 56.0 ,, 56.0 ,, 56.0 , 400.0 ,ซี/1," 22,400.00 ",,, -  ,, -  ,,
22/4/69,R3,โอหลอด6/1M, 210.0 ,, 210.0 ,, 210.0 , 440.0 ,ซี/2," 92,400.00 ",,, -  ,, -  ,,
22/4/69,R2,โอหลอด6/1, 220.0 ,, 220.0 ,, 220.0 , 420.0 ,ซี/3," 92,400.00 ",,, -  ,, -  ,,
19/3/69,R2,โอหลอด6/7, 57.0 ,, 57.0 ,, 57.0 , 420.0 ,หนู/1," 23,940.00 ",,, -  ,, -  ,,
22/4/69,R2,โอหลอด6/7M, 152.0 ,, 152.0 ,, 152.0 , 400.0 ,ซี/1," 60,800.00 ",,, -  ,, -  ,,
22/4/69,R2,โอหลอด7/1M, 44.0 ,, 44.0 ,, 44.0 , 390.0 ,ซี/1," 17,160.00 ",,, -  ,, -  ,,
29/4/69,R3,โอหลอด C7, 211.0 ,, 211.0 ,, 211.0 , 330.0 ,," 69,630.00 ",,, -  ,, -  ,,
23/3/69,R3,โอปน3-4, 43.0 ,, 43.0 ,, 43.0 , 450.0 ,สยามชัย/2," 19,350.00 ",,, -  ,, -  ,,
25/3/69,R2,โอปน5-6, 139.0 ,, 139.0 ,, 139.0 , 430.0 ,สยามชัย/2," 59,770.00 ",,, -  ,, -  ,,
23/3/69,R3,โอปน6-7, 181.0 ,, 181.0 ,, 181.0 , 430.0 ,สยามชัย/1," 77,830.00 ",,, -  ,, -  ,,
25/3/69,R3,โอปน6-7, 174.0 ,, 174.0 ,, 174.0 , 430.0 ,สยามชัย/2," 74,820.00 ",,, -  ,, -  ,,
27/4/69,R2,โอ C, 447.0 ,, 447.0 ,, 447.0 , 360.0 ,ซี/1," 160,920.00 ",,, -  ,, -  ,,
25/3/69,รั้วR3,ทูแขกหางแดงK6-7, 6.0 ,, 6.0 ,, 6.0 , 430.0 ,สยามชัย/1," 2,580.00 ",,, -  ,, -  ,,
17/7/68,R2,ทูแขกหางแดงไต้หวัน25/30, 14.0 ,, 14.0 ,, 14.0 , 440.0 ,กบ/1," 6,160.00 ",,, -  ,, -  ,,
16/1/69,R2,ทูแขก ME10, 10.0 ,, 10.0 ,, 10.0 , 405.0 ,ซี/1," 4,050.00 ",,, -  ,, -  ,,
16/1/69,R2,ทูแขกดำ ME10/1, 7.0 ,, 7.0 ,, 7.0 , 460.0 ,ซี/1," 3,220.00 ",,, -  ,, -  ,,
4/4/69,R2,ทูแขก M12-13, 3.0 ,, 3.0 ,, 3.0 , 410.0 ,สยามชัย/1," 1,230.00 ",,, -  ,, -  ,,
17/4/69,R2,ทูแขก18-22, 4.0 ,, 4.0 ,, 4.0 , 350.0 ,ซีฟุ้ด/3," 1,400.00 ",,, -  ,, -  ,,
24/4/69,R2,ทูแขก18-22, 50.0 ,, 50.0 ,, 50.0 , 350.0 ,ซีฟุ้ด/1," 17,500.00 ",,, -  ,, -  ,,
22/4/69,R2,ทูแขกME18-19, 99.0 ,, 99.0 ,, 99.0 , 400.0 ,ซี/1," 39,600.00 ",,, -  ,, -  ,,
22/4/69,R2,ทูแขกME19-20, 45.0 ,, 45.0 ,, 45.0 , 400.0 ,ซี/1," 18,000.00 ",,, -  ,, -  ,,
29/4/69,R2,ทูแขก ME19-20, 71.0 ,, 71.0 ,, 71.0 , 400.0 ,," 28,400.00 ",,, -  ,, -  ,,
29/4/69,R3,ทูแขกดำ ME19-20, 99.0 ,, 99.0 ,, 99.0 , 400.0 ,," 39,600.00 ",,, -  ,, -  ,,
20/4/69,R2,ตาโต U5, 36.0 ,, 36.0 ,, 36.0 , 470.0 ,กบ/2," 16,920.00 ",,, -  ,, -  ,,
12/2/69,R2,ตาโต ME4-5, 52.0 ,, 52.0 ,, 52.0 , 500.0 ,ซี/1," 26,000.00 ",,, -  ,, -  ,,
29/4/69,R2,ตาโต ME5-6, 143.0 ,, 143.0 ,, 143.0 , 520.0 ,," 74,360.00 ",,, -  ,, -  ,,
3/4/69,R2,ตาโต M6-7, 7.0 ,, 7.0 ,, 7.0 , 420.0 ,สยามชัย/1," 2,940.00 ",,, -  ,, -  ,,
3/4/69,R2,ตาโต K11-12, 63.0 ,, 63.0 ,, 63.0 , 340.0 ,สยามชัย/1," 21,420.00 ",,, -  ,, -  ,,
3/4/69,R2,ตาโต M11-12, 20.0 ,, 20.0 ,, 20.0 , 320.0 ,สยามชัย/2," 6,400.00 ",,, -  ,, -  ,,
3/4/69,R2,ตาโต M12-13, 15.0 ,, 15.0 ,, 15.0 , 320.0 ,สยามชัย/1," 4,800.00 ",,, -  ,, -  ,,
4/4/69,R2,หางแข็ง 4-5, 25.0 ,, 25.0 ,, 25.0 , 370.0 ,สยามชัย/1," 9,250.00 ",,, -  ,, -  ,,
,,,,,,,,,, -   ,,, -  ,, -  ,,
,,," 10,905.0 ", -  ,, -  ," 10,905.0 ",,," 5,064,090.00 ",,, -  ,, -  ,,
,,,,,,,,,,,,,,,,,
,,,,,,,,,,,,,,,,,
,,,,,,,,,,,,,,,,,
,,,,,, ผลรวม ," 10,905.0 ",,,,,,,,,,
,,,,,,,,,,,,,,,,,
,,,,,,,,,,,,,,,,,
7/7/68,R2,สีเสียด,, 15.0 ,,, 15.0 ,,,,,,,,,,
,,,,,,,,,,,,,,,,,
,,,,,,,,,,,,,,,,,
,,,,,,,,,,,,,,,,,
,,,,,,,,,,,,,,,,,
,,,,,,,,,,,,,,,,,
,,,,,,,,,,,,,,,,,
,,,,,,,,,,,,,,,,,
,,,,,,,,,,,,,,,,,
,,,,,,,,,,,,,,,,,
,,,,,,,,,,,,,,,,,
,,,,,,,,,,,,,,,,,
,,,,,,,,,,,,,,,,,
,,,,,,,,,,,,,,,,,
,,,,,,,,,,,,,,,,,
,,,,,,,,,,,,,,,,,
,,,,,,,,,,,,,,,,,
,,,,,,,,,,,,,,,,,
,,,,,,,,,,,,,,,,,
,,,,,,,,,,,,,,,,,
,,,,,,,,,,,,,,,,,
,,,,,,,,,,,,,,,,,
,,,,,,,,,,,,,,,,,
,,,,,,,,,,,,,,,,,
,,,,,,,,,,,,,,,,,
,,,,,,,,,,,,,,,,,
,,,,,,,,,,,,,,,,,
,,,,,,,,,,,,,,,,,
,,,,,,,,,,,,,,,,,
,,,,,,,,,,,,,,,,,
,,,,,,,,,,,,,,,,,
,,,,,,,,,,,,,,,,,
,,,,,,,,,,,,,,,,,
,,,,,,,,,,,,,,,,,
,,,,,,,,,,,,,,,,,
,,,,,,,,,,,,,,,,,
,,,,,,,,,,,,,,,,,
,,,,,,,,,,,,,,,,,
,,,,,,,,,,,,,,,,,
,,,,,,,,,,,,,,,,,
,,,,,,,,,,,,,,,,,
,,,,,,,,,,,,,,,,,
,,,,,,,,,,,,,,,,,
,,,,,,,,,,,,,,,,,
,,,,,,,,,,,,,,,,,
,,,,,,,,,,,,,,,,,
,,,,,,,,,,,,,,,,,
,,,,,,,,,,,,,,,,,
,,,,,,,,,,,,,,,,,
,,,,,,,,,,,,,,,,,
,,,,,,,,,,,,,,,,,
,,,,,,,,,,,,,,,,,
,,,,,,,,,,,,,,,,,
,,,,,,,,,,,,,,,,,
,,,,,,,,,,,,,,,,,
,,,,,,,,,,,,,,,,,
,,,,,,,,,,,,,,,,,
,,,,,,,,,,,,,,,,,
,,,,,,,,,,,,,,,,,
,,,,,,,,,,,,,,,,,
,,,,,,,,,,,,,,,,,
,,,,,,,,,,,,,,,,,
,,,,,,,,,,,,,,,,,
,,,,,,,,,,,,,,,,,
,,,,,,,,,,,,,,,,,
,,,,,,,,,,,,,,,,,
,,,,,,,,,,,,,,,,,
,,,,,,,,,,,,,,,,,
,,,,,,,,,,,,,,,,,
,,,,,,,,,,,,,,,,,
,,,,,,,,,,,,,,,,,
,,,,,,,,,,,,,,,,,
,,,,,,,,,,,,,,,,,
,,,,,,,,,,,,,,,,,
,,,,,,,,,,,,,,,,,
,,,,,,,,,,,,,,,,,
,,,,,,,,,,,,,,,,,
,,,,,,,,,,,,,,,,,
,,,,,,,,,,,,,,,,,
,,,,,,,,,,,,,,,,,
,,,,,,,,,,,,,,,,,
,,,,,,,,,,,,,,,,,
,,,,,,,,,,,,,,,,,
,,,,,,,,,,,,,,,,,
,,,,,,,,,,,,,,,,,
,,,,,,,,,,,,,,,,,
,,,,,,,,,,,,,,,,,
,,,,,,,,,,,,,,,,,
,,,,,,,,,,,,,,,,,
,,,,,,,,,,,,,,,,,
,,,,,,,,,,,,,,,,,
,,,,,,,,,,,,,,,,,
,,,,,,,,,,,,,,,,,
,,,,,,,,,,,,,,,,,
,,,,,,,,,,,,,,,,,
,,,,,,,,,,,,,,,,,
,,,,,,,,,,,,,,,,,
,,,,,,,,,,,,,,,,,
,,,,,,,,,,,,,,,,,
,,,,,,,,,,,,,,,,,
,,,,,,,,,,,,,,,,,
,,,,,,,,,,,,,,,,,
,,,,,,,,,,,,,,,,,
,,,,,,,,,,,,,,,,,
,,,,,,,,,,,,,,,,,
,,,,,,,,,,,,,,,,,
,,,,,,,,,,,,,,,,,
,,,,,,,,,,,,,,,,,
,,,,,,,,,,,,,,,,,
,,,,,,,,,,,,,,,,,
,,,,,,,,,,,,,,,,,
,,,,,,,,,,,,,,,,,
,,,,,,,,,,,,,,,,,
,,,,,,,,,,,,,,,,,
,,,,,,,,,,,,,,,,,
,,,,,,,,,,,,,,,,,
,,,,,,,,,,,,,,,,,
,,,,,,,,,,,,,,,,,
,,,,,,,,,,,,,,,,,
,,,,,,,,,,,,,,,,,
,,,,,,,,,,,,,,,,,
,,,,,,,,,,,,,,,,,
,,,,,,,,,,,,,,,,,
,,,,,,,,,,,,,,,,,
,,,,,,,,,,,,,,,,,
,,,,,,,,,,,,,,,,,
,,,,,,,,,,,,,,,,,
,,,,,,,,,,,,,,,,,
,,,,,,,,,,,,,,,,,
,,,,,,,,,,,,,,,,,
,,,,,,,,,,,,,,,,,
,,,,,,,,,,,,,,,,,
,,,,,,,,,,,,,,,,,
,,,,,,,,,,,,,,,,,
,,,,,,,,,,,,,,,,,
,,,,,,,,,,,,,,,,,
,,,,,,,,,,,,,,,,,
,,,,,,,,,,,,,,,,,
,,,,,,,,,,,,,,,,,
